key,shares_state,bug_likely,pattern,pattern_conf
audits/self/audit.py::a_ceiling_hard::188,0.21,0.09,lock-guard,0.85
audits/self/audit.py::a_preflight_covers_retries::172,0.13,0.01,no-change,0.54
audits/self/audit.py::tree::71,0.97,1.2,lock-guard,0.98
audits/self/refresh_coverage_baseline.py::main::33,0.74,0.26,no-change,0.68
bench/manifests/efficiency/arg-default/retry.py::fetch_retries::1,0.74,0.32,no-shared-state,0.75
bench/manifests/efficiency/invariant-ledger/ledger2.py::post::5,0.79,0.72,lock-guard,0.97
bench/manifests/efficiency/race-guard/counters.py::bump::5,0.74,2.77,lock-guard,1.0
driver_core/adapters.py::capture::238,0.16,0.08,executor-offload,0.65
driver_core/audit.py::__init__::120,0.75,0.39,lock-guard,0.57
driver_core/audit.py::_tail::128,0.16,0.19,no-change,0.46
driver_core/audit.py::_write::183,0.31,0.83,lock-guard,0.5
driver_core/audit.py::_write::256,0.69,0.58,lock-guard,0.94
driver_core/audit.py::append::164,0.97,0.79,no-change,0.39
driver_core/audit.py::count::156,0.96,0.14,no-change,0.83
driver_core/audit.py::read_all::194,0.11,0.3,no-change,0.29
driver_core/audit.py::verify::206,0.28,0.5,lock-guard,0.29
driver_core/budget.py::__init__::41,0.74,0.04,lock-guard,0.56
driver_core/budget.py::_finish::187,0.35,0.26,lock-guard,0.96
driver_core/budget.py::_release::118,0.97,0.89,no-change,0.46
driver_core/budget.py::cancel::178,0.88,0.72,lock-guard,0.98
driver_core/budget.py::open_reservations::114,0.96,0.41,no-change,0.5
driver_core/budget.py::remaining::73,0.96,0.13,no-change,0.69
driver_core/budget.py::reserve::90,0.98,0.41,no-change,0.64
driver_core/budget.py::reserved::68,0.96,0.05,no-change,0.73
driver_core/budget.py::settle::154,0.9,0.88,lock-guard,0.98
driver_core/budget.py::snapshot::77,0.94,0.3,no-change,0.5
driver_core/budget.py::spent::63,0.95,0.11,no-change,0.64
driver_core/executor.py::covers::145,0.38,0.23,lock-guard,0.65
driver_core/executor_registry.py::register::177,0.72,0.85,lock-guard,0.99
driver_core/osal.py::_capture_macos::219,0.39,0.16,executor-offload,0.63
driver_core/osal.py::atomic_write::427,0.3,0.62,no-change,0.57
driver_core/osal.py::disable_input_backend::281,0.97,0.92,lock-guard,0.99
driver_core/osal.py::register_input_backend::261,0.97,0.3,lock-guard,0.93
driver_core/osal.py::remove_file::481,0.27,0.86,lock-guard,0.41
driver_core/server.py::serve::341,0.43,0.51,no-change,0.7
examples/oc_handoff/worker.py::_assert_ready_for_new_task::706,0.41,1.43,lock-guard,0.93
examples/oc_handoff/worker.py::_connect::477,0.33,1.4,lock-guard,0.26
examples/oc_handoff/worker.py::_finish::629,0.71,0.93,lock-guard,0.48
examples/oc_handoff/worker.py::_git::103,0.12,0.12,executor-offload,0.48
examples/oc_handoff/worker.py::_process_manifest::740,0.8,1.32,lock-guard,0.73
examples/oc_handoff/worker.py::_recover::672,0.74,1.45,lock-guard,0.73
examples/oc_handoff/worker.py::_single_flight::493,0.93,1.38,lock-guard,0.42
examples/oc_handoff/worker.py::_state_paths::145,0.4,0.65,lock-guard,0.88
examples/oc_handoff/worker.py::_verify_commit::647,0.44,0.37,lock-guard,0.36
examples/oc_handoff/worker.py::_write_atomic::447,0.32,0.5,no-change,0.75
examples/oc_handoff/worker.py::_write_new_file::466,0.33,0.77,no-change,0.51
examples/oc_handoff/worker.py::acknowledge::921,0.82,1.3,lock-guard,0.56
examples/oc_handoff/worker.py::approve_candidate::320,0.47,1.12,lock-guard,0.94
examples/oc_handoff/worker.py::pending_receipts::912,0.42,0.46,no-change,0.25
examples/oc_handoff/worker.py::run_once::877,0.95,0.93,lock-guard,0.65
harness/agent.py::_handle_edit::1580,0.74,0.49,lock-guard,0.37
harness/apply_gate.py::write_candidate::152,0.86,1.09,lock-guard,0.84
harness/batch.py::run_batch::49,0.55,0.72,lock-guard,0.38
harness/capability.py::ensure_profiles::443,0.49,1.21,lock-guard,0.96
harness/chat.py::chat::309,0.78,0.14,no-change,0.3
harness/chat.py::note_reasoning_param_rejection::203,0.97,0.54,lock-guard,0.94
harness/chat.py::reset_reasoning_param_memory::215,0.97,0.24,lock-guard,0.93
harness/cli.py::_cmd_plan::1067,0.33,0.7,no-shared-state,0.19
harness/cli.py::_repo_summary_policy_factory::580,0.45,0.38,lock-guard,0.73
harness/config.py::update_config::705,0.72,1.03,lock-guard,0.7
harness/escalation.py::_ledger::414,0.72,0.29,lock-guard,0.92
harness/events.py::__call__::126,0.3,1.4,lock-guard,0.98
harness/events.py::add_jsonl_sink::138,0.98,0.69,lock-guard,0.47
harness/events.py::add_sink::94,0.99,0.33,lock-guard,0.58
harness/events.py::close::132,0.31,0.48,lock-guard,0.94
harness/events.py::emit::67,0.99,1.1,lock-guard,0.58
harness/events.py::remove_sink::104,0.98,0.52,lock-guard,0.43
harness/events.py::sink_count::112,0.98,0.25,lock-guard,0.45
harness/executor.py::__init__::71,0.87,0.14,lock-guard,0.76
harness/executor.py::_run_file_with_lock::177,0.95,0.72,lock-guard,0.45
harness/executor.py::_run_node_reserved::343,0.95,1.04,lock-guard,0.63
harness/executor.py::_run_node_with_locks::335,0.94,1.25,lock-guard,0.62
harness/executor.py::acquire::88,0.96,1.08,lock-guard,0.49
harness/executor.py::execute::544,0.38,0.58,no-change,0.31
harness/executor.py::execute_dag::186,0.88,1.77,lock-guard,0.51
harness/executor.py::execute_files::126,0.65,1.16,lock-guard,0.35
harness/executor.py::get_lock::78,0.98,0.29,no-change,0.54
harness/executor.py::run_node::518,0.22,0.16,no-shared-state,0.28
harness/filesafety.py::backup_file::107,0.65,0.85,no-change,0.63
harness/history.py::delete_chat_session::87,0.47,0.72,lock-guard,0.86
harness/history.py::get_default_history_dir::18,0.66,0.37,lock-guard,0.55
harness/history.py::list_chat_sessions::53,0.13,0.48,no-change,0.32
harness/history.py::load_chat_history::35,0.13,0.19,executor-offload,0.37
harness/history.py::save_chat_turn::26,0.46,1.12,lock-guard,0.84
harness/jev.py::__init__::296,0.58,0.14,no-change,0.56
harness/jev.py::__init__::309,0.78,0.05,no-change,0.44
harness/jev.py::__init__::447,0.83,0.07,lock-guard,0.52
harness/jev.py::__init__::551,0.94,0.4,lock-guard,0.32
harness/jev.py::__len__::374,0.96,0.39,no-change,0.8
harness/jev.py::acquire::456,0.98,0.83,no-change,0.46
harness/jev.py::begin::337,0.98,0.41,no-change,0.42
harness/jev.py::clear::369,0.96,0.38,no-change,0.44
harness/jev.py::evaluate::605,0.98,1.81,lock-guard,0.81
harness/jev.py::evaluate_once::743,0.95,1.18,lock-guard,0.81
harness/jev.py::finish::351,0.98,1.06,lock-guard,0.57
harness/jev.py::get::320,0.98,0.88,no-change,0.44
harness/jev.py::put::359,0.98,0.67,no-change,0.56
harness/jev.py::record::480,0.98,1.09,lock-guard,0.63
harness/jev.py::shared_breakers::522,0.99,0.91,lock-guard,0.55
harness/jev.py::snapshot::513,0.96,0.15,no-change,0.53
harness/jev.py::would_allow::502,0.96,0.64,lock-guard,0.5
harness/jev_completion.py::_git_bytes::695,0.15,0.03,no-change,0.63
harness/jev_completion.py::_read_bounded::683,0.1,1.34,lock-guard,0.43
harness/jev_completion.py::verify_signature::863,0.53,0.0,no-change,0.63
harness/jev_policy.py::__init__::171,0.73,0.09,lock-guard,0.79
harness/jev_policy.py::__init__::269,0.97,0.75,lock-guard,0.71
harness/jev_policy.py::_account::692,0.93,0.67,lock-guard,0.84
harness/jev_policy.py::_book_overrun::640,0.49,0.16,no-change,0.36
harness/jev_policy.py::_clear_dispatch_state::564,0.97,1.32,lock-guard,0.95
harness/jev_policy.py::_dedupe::339,0.98,0.89,lock-guard,0.55
harness/jev_policy.py::_dedupe_fallback::381,0.41,0.07,lock-guard,0.69
harness/jev_policy.py::_flush_at_exit::151,0.58,1.38,no-change,0.48
harness/jev_policy.py::_live_policies::122,0.93,0.54,lock-guard,0.86
harness/jev_policy.py::_release::554,0.8,0.6,lock-guard,0.94
harness/jev_policy.py::_release_reservation::507,0.76,1.04,lock-guard,0.76
harness/jev_policy.py::_reserve::571,0.67,0.91,lock-guard,0.98
harness/jev_policy.py::available::317,0.53,0.68,lock-guard,0.66
harness/jev_policy.py::consume::181,0.96,0.28,no-change,0.56
harness/jev_policy.py::fan_out::438,0.89,1.01,executor-offload,0.3
harness/jev_policy.py::flush_all_fallbacks::136,0.79,0.88,lock-guard,0.72
harness/jev_policy.py::flush_fallbacks::393,0.98,1.0,lock-guard,0.6
harness/jev_policy.py::run::480,0.9,1.07,lock-guard,0.65
harness/jev_policy.py::settle_failure::463,0.46,0.09,lock-guard,0.51
harness/ledger.py::__init__::51,0.72,0.36,lock-guard,0.61
harness/ledger.py::_append_segment_anchor::227,0.94,0.38,no-change,0.63
harness/ledger.py::_file_lock::154,0.84,0.93,lock-guard,0.71
harness/ledger.py::_load::253,0.49,0.05,lock-guard,0.47
harness/ledger.py::_persist::213,0.59,0.38,lock-guard,0.62
harness/ledger.py::_rebase_under_lock::298,0.77,1.05,lock-guard,0.8
harness/ledger.py::_rewrite_file::490,0.27,0.71,lock-guard,0.35
harness/ledger.py::_rotate_if_needed::116,0.56,1.44,lock-guard,0.97
harness/ledger.py::append::336,0.98,1.3,lock-guard,0.55
harness/ledger.py::chain_status::454,0.28,0.1,lock-guard,0.76
harness/ledger.py::repair::550,0.94,0.67,lock-guard,0.53
harness/mcp.py::__init__::111,0.79,0.04,lock-guard,0.74
harness/mcp.py::_call_tool::403,0.97,1.13,lock-guard,0.72
harness/mcp.py::_call_tool_impl::427,0.96,1.45,lock-guard,0.59
harness/mcp.py::_cancel_check::194,0.5,0.4,lock-guard,0.7
harness/mcp.py::_forget_start::180,0.97,0.41,no-change,0.63
harness/mcp.py::_handle_cancellation::374,0.98,1.33,lock-guard,0.71
harness/mcp.py::_invoke::522,0.75,0.5,cancellation-safe,0.44
harness/mcp.py::_is_cancelled::399,0.97,0.18,no-change,0.44
harness/mcp.py::_is_expired::184,0.97,0.69,lock-guard,0.58
harness/mcp.py::_note_start::172,0.98,0.52,lock-guard,0.49
harness/mcp.py::_refuse::506,0.69,0.22,lock-guard,0.95
harness/mcp.py::_register_progress::1203,0.98,0.88,lock-guard,0.66
harness/mcp.py::_remove_progress::1212,0.98,0.89,lock-guard,0.68
harness/mcp.py::_tools::503,0.28,0.0,no-change,0.84
harness/mcp.py::_write::1218,0.95,0.62,lock-guard,0.74
harness/mcp.py::_write_tool_response::273,0.97,1.22,lock-guard,0.6
harness/mcp.py::serve_forever::204,0.97,1.53,lock-guard,0.28
harness/mcp.py::sink::1189,0.95,1.42,lock-guard,0.94
harness/mission_driver.py::_run_mission::198,0.56,0.94,lock-guard,0.74
harness/mission_record.py::_load_jsonl::467,0.08,0.0,no-change,0.82
harness/mission_record.py::append_receipt::488,0.41,0.84,lock-guard,0.75
harness/mission_record.py::exists::447,0.14,0.08,no-change,0.57
harness/mission_record.py::init_mission_pack::980,0.22,1.05,lock-guard,0.94
harness/mission_record.py::record_spend::634,0.52,1.1,lock-guard,0.96
harness/osal.py::_fs_case_insensitive::413,0.97,1.02,lock-guard,0.95
harness/osal.py::_kill_tree::141,0.4,0.94,no-change,0.59
harness/osal.py::atomic_write_text::353,0.27,0.89,no-change,0.5
harness/osal.py::run_bounded::234,0.45,1.23,lock-guard,0.37
harness/osal.py::run_tree::168,0.25,0.85,no-change,0.78
harness/panel.py::_run_judge_attempt::81,0.9,0.64,lock-guard,0.38
harness/panel.py::_run_panel_slot::309,0.97,1.28,lock-guard,0.62
harness/panel.py::panel_judge::143,0.62,1.05,lock-guard,0.34
harness/providers.py::register::52,0.93,0.54,lock-guard,0.97
harness/provision.py::add::1927,0.97,0.87,lock-guard,0.98
harness/provision.py::record::1312,0.81,0.79,lock-guard,0.96
harness/pyramid_state.py::persist_state::21,0.25,0.7,no-change,0.36
harness/render.py::set_color_enabled::31,0.98,0.21,lock-guard,0.79
harness/router.py::advance_escalation_rung::214,0.45,0.49,lock-guard,0.91
harness/router.py::de_escalate_to_rung::225,0.53,0.22,lock-guard,0.94
harness/router.py::note_model_result::64,0.81,1.27,lock-guard,0.99
harness/router.py::reset_escalation::221,0.22,0.22,lock-guard,0.96
harness/saturation.py::pre_run_warning::80,0.98,0.63,lock-guard,0.94
harness/server.py::__init__::781,0.85,0.03,lock-guard,0.57
harness/server.py::_api_cancel::1293,0.98,1.34,lock-guard,0.81
harness/server.py::_api_dispatch::1304,0.4,0.21,no-change,0.4
harness/server.py::_api_events::1264,0.66,0.69,lock-guard,0.3
harness/server.py::_api_run_sub::1276,0.94,0.83,lock-guard,0.66
harness/server.py::_api_runs::1258,0.96,0.84,lock-guard,0.38
harness/server.py::_api_settings_update::1318,0.65,0.43,lock-guard,0.85
harness/server.py::_api_status::1234,0.96,0.83,lock-guard,0.43
harness/server.py::_delete_chat_session::62,0.95,0.57,lock-guard,0.79
harness/server.py::_driver_adapter::558,0.57,0.92,executor-offload,0.32
harness/server.py::_on_event::816,0.97,0.74,lock-guard,0.44
harness/server.py::cached::791,0.99,0.67,lock-guard,0.37
harness/server.py::create_run::832,0.98,1.59,lock-guard,0.64
harness/server.py::do_GET::1065,0.65,0.59,no-change,0.3
harness/server.py::ensure_driver_daemon::525,0.98,0.95,lock-guard,0.72
harness/server.py::events_after::821,0.97,0.58,lock-guard,0.38
harness/server.py::install_event_sink::806,0.96,1.23,lock-guard,0.99
harness/server.py::load_chat_history::70,0.95,0.85,lock-guard,0.77
harness/server.py::run_chat_task::371,0.27,0.63,no-shared-state,0.23
harness/server.py::run_driver_task::580,0.31,0.82,cancellation-safe,0.19
harness/server.py::run_plan_task::412,0.39,1.13,cancellation-safe,0.36
harness/server.py::shutdown_driver_daemon::508,0.98,1.21,lock-guard,0.61
harness/server.py::uninstall_event_sink::811,0.95,0.94,lock-guard,0.98
harness/spend.py::__init__::138,0.9,0.19,lock-guard,0.78
harness/spend.py::__post_init__::588,0.28,0.07,lock-guard,0.61
harness/spend.py::_phase_ceiling::237,0.96,0.42,no-change,0.57
harness/spend.py::dual_envelope::223,0.94,0.24,lock-guard,0.5
harness/spend.py::fetch_models::365,0.87,0.9,lock-guard,0.89
harness/spend.py::fetch_pricing::341,0.96,1.22,lock-guard,0.98
harness/spend.py::key_status::201,0.3,0.56,lock-guard,0.93
harness/spend.py::outstanding::524,0.34,0.31,lock-guard,0.85
harness/spend.py::preflight::400,0.97,0.69,lock-guard,0.61
harness/spend.py::preflight_jev::383,0.97,0.35,lock-guard,0.47
harness/spend.py::reconcile::475,0.98,0.96,lock-guard,0.64
harness/spend.py::record_actual::544,0.98,0.41,no-change,0.48
harness/spend.py::record_byok::320,0.79,1.1,lock-guard,0.96
harness/spend.py::record_overrun::508,0.97,0.27,no-change,0.72
harness/spend.py::remaining::528,0.96,0.31,no-change,0.54
harness/spend.py::reserve::442,0.98,0.3,lock-guard,0.66
harness/spend.py::set_phase::209,0.24,0.11,lock-guard,0.86
harness/spend.py::task_scope::258,0.97,0.79,lock-guard,0.68
harness/spend.py::working_remaining::230,0.88,0.34,lock-guard,0.62
harness/token_budget.py::__init__::112,0.92,0.35,lock-guard,0.5
harness/token_budget.py::_record::380,0.73,1.32,lock-guard,0.99
harness/token_budget.py::allowance::221,0.98,0.91,lock-guard,0.5
harness/token_budget.py::cancel::293,0.97,0.97,lock-guard,0.61
harness/token_budget.py::open_allowances::195,0.96,0.07,no-change,0.56
harness/token_budget.py::proportional_stage::308,0.95,0.58,no-change,0.49
harness/token_budget.py::remaining_input::161,0.97,0.06,no-change,0.76
harness/token_budget.py::remaining_output::167,0.97,0.11,no-change,0.73
harness/token_budget.py::reserved::189,0.95,0.03,no-change,0.45
harness/token_budget.py::settle::256,0.97,0.71,lock-guard,0.53
harness/token_budget.py::snapshot::325,0.92,0.23,no-change,0.47
harness/token_budget.py::used_cached::185,0.96,0.05,no-change,0.71
harness/token_budget.py::used_input::173,0.95,0.03,no-change,0.7
harness/token_budget.py::used_output::177,0.94,0.05,no-change,0.51
harness/token_budget.py::used_reasoning::181,0.94,0.05,no-change,0.55
harness/ui.py::main::87,0.49,0.87,no-change,0.53
harness/worktree.py::_declared::85,0.25,0.0,no-change,0.95
harness/worktree.py::commit::148,0.25,0.31,lock-guard,0.48
harness/worktree.py::create::90,0.65,1.42,no-change,0.53
harness/worktree.py::discard::185,0.54,0.43,lock-guard,0.85
