key,validates,secrets,fail_closed,prescribe,prescribe_conf
audits/self/audit.py::r_http_transient::384,0.27,0.87,0.35,no-change,0.6
audits/self/audit.py::sd_corpus_integrity::1082,0.22,0.94,0.47,fail-closed,0.6
audits/self/audit.py::sd_shipped_freshness::1018,0.22,0.89,0.63,fail-closed,0.26
audits/self/audit.py::sm_lint::818,0.26,0.92,0.56,no-change,0.39
driver_core/config.py::load_settings::226,0.17,0.7,0.52,secrets-safe,0.44
driver_core/jev_client.py::decide::310,0.29,0.76,0.83,secrets-safe,0.6
driver_core/server.py::do_GET::314,0.18,0.81,0.8,validate-guard,0.32
driver_core/server.py::serve::341,0.17,0.87,0.45,validate-guard,0.55
examples/oc_handoff/worker.py::_receipt::609,0.08,0.82,0.4,constant-time,0.31
examples/oc_handoff/worker.py::_sign_payload::297,0.09,0.81,0.37,safe-crypto,0.24
harness/_http.py::post::115,0.09,0.79,0.59,secrets-safe,0.68
harness/_http.py::post_once::145,0.07,0.78,0.58,secrets-safe,0.65
harness/agent.py::_gather_web_context::369,0.13,0.85,0.47,no-change,0.23
harness/agent.py::_handle_driver_task::1143,0.1,0.74,0.2,validate-guard,0.36
harness/agent.py::_hourglass_request_context::408,0.22,0.56,0.26,input-bounds,0.29
harness/agent.py::_live_jev_available::365,0.27,0.89,0.66,no-change,0.41
harness/agent.py::_plan_round::1417,0.12,0.77,0.39,fail-closed,0.71
harness/apply_gate.py::finish_escalation::307,0.1,0.68,0.7,validate-guard,0.26
harness/capability.py::capabilities_payload::52,0.1,0.77,0.2,secrets-safe,0.36
harness/capability.py::probe_json_reliability::490,0.12,0.8,0.53,fail-closed,0.26
harness/cli.py::_cmd_continue::445,0.32,0.71,0.7,validate-guard,0.27
harness/cli.py::_cmd_issue_sort::478,0.34,0.74,0.4,authz-check,0.24
harness/cli.py::_cmd_rankings::917,0.18,0.75,0.36,secrets-safe,0.48
harness/cli.py::_cmd_spend::760,0.16,0.74,0.26,secrets-safe,0.34
harness/config.py::resolve_jev_key::535,0.21,0.35,0.14,secrets-safe,0.97
harness/consent.py::probe_consent::153,0.16,0.71,0.87,fail-closed,0.14
harness/executor.py::run_node::518,0.18,0.8,0.33,validate-guard,0.66
harness/executor.py::task_runner::540,0.11,0.74,0.33,validate-guard,0.94
harness/jev.py::_cache_key::588,0.19,0.84,0.3,secrets-safe,0.32
harness/jev.py::shared_breakers::522,0.13,0.8,0.2,secrets-safe,0.24
harness/local_fit/train.py::score::480,0.1,0.92,0.23,validate-guard,0.4
harness/mcp.py::_refuse::506,0.09,0.88,0.61,fail-closed,0.9
harness/mcp.py::main::1250,0.2,0.77,0.46,secrets-safe,0.63
harness/media_client.py::_generate::106,0.06,0.78,0.38,validate-guard,0.46
harness/media_client.py::_load_endpoint::43,0.1,0.75,0.1,secrets-safe,0.61
harness/media_client.py::job::126,0.1,0.84,0.4,validate-guard,0.43
harness/media_client.py::jobs::129,0.45,0.91,0.27,no-change,0.29
harness/media_client.py::run_cli::157,0.1,0.84,0.55,no-change,0.23
harness/media_client.py::wait::116,0.13,0.92,0.26,validate-guard,0.3
harness/osal.py::_kill_tree::141,0.22,0.96,0.06,no-change,0.46
harness/osal.py::run_bounded::234,0.3,0.71,0.72,input-bounds,0.48
harness/provision.py::_recipe_system_pm::2023,0.14,0.9,0.33,authz-check,0.4
harness/provision.py::_recipe_venv_pip::1966,0.16,0.87,0.52,validate-guard,0.65
harness/server.py::_api_cost::1500,0.21,0.79,0.27,authz-check,0.94
harness/server.py::_api_dispatch::1304,0.47,0.72,0.46,authz-check,0.5
harness/server.py::_api_mission_detail::1524,0.16,0.83,0.32,validate-guard,0.53
harness/server.py::_api_missions_list::1513,0.24,0.93,0.25,authz-check,0.33
harness/server.py::_api_models::1442,0.65,0.8,0.52,authz-check,0.24
harness/server.py::_driver_adapter::558,0.45,0.92,0.15,fail-closed,0.44
harness/server.py::_settings_view::888,0.48,0.88,0.19,secrets-safe,0.62
harness/server.py::ensure_driver_daemon::525,0.23,0.88,0.43,secrets-safe,0.54
harness/server.py::log_message::979,0.27,0.56,0.17,redact-logging,0.8
harness/server.py::run_apply_task::286,0.08,0.66,0.28,validate-guard,0.46
harness/server.py::run_chat_task::371,0.08,0.76,0.25,validate-guard,0.37
harness/server.py::run_dogfood_task::394,0.08,0.67,0.26,validate-guard,0.76
harness/server.py::run_plan_task::412,0.09,0.69,0.42,authz-check,0.46
harness/site_export.py::_secret_scan::454,0.14,0.6,0.22,secrets-safe,0.66
harness/site_export.py::write_bundle::533,0.51,0.6,0.9,secrets-safe,0.39
harness/spend.py::discover_free_models::707,0.14,0.84,0.25,no-change,0.32
harness/ui.py::_open_window::25,0.07,0.45,0.15,secrets-safe,0.82
harness/ui.py::_write_token_file::55,0.2,0.91,0.23,no-change,0.49
harness/ui.py::main::87,0.25,0.53,0.67,secrets-safe,0.57
harness/waist.py::chat_fn::1301,0.13,0.64,0.48,secrets-safe,0.54
harness/waist.py::plan_consensus::813,0.18,0.77,0.41,secrets-safe,0.32
harness/web.py::_http_get::78,0.11,0.89,0.37,input-bounds,0.28
harness/web.py::gather_web_context::346,0.19,0.83,0.36,validate-guard,0.35
harness/worktree.py::create::90,0.58,0.94,0.47,validate-guard,0.62
tests/dogfood_matrix_suite.py::test_cat07_edit_planning_waist_guard::385,0.19,0.76,0.61,secrets-safe,0.24
tests/dogfood_matrix_suite.py::test_cat08_driver_perception::424,0.33,0.2,0.19,secrets-safe,0.97
tests/test_audit_d12_coverage.py::_git::39,0.1,0.78,0.24,validate-guard,0.73
tests/test_cli_gates.py::test_real_end_to_end_run_of_the_cheapest_gate::100,0.32,0.89,0.32,no-change,0.5
tests/test_dogfood_matrix_strict.py::runner::99,0.18,0.33,0.45,secrets-safe,0.94
tests/test_driver_core/test_auth.py::status_for::403,0.1,0.73,0.37,secrets-safe,0.49
tests/test_driver_core/test_tier_chain.py::test_the_vision_extractor_declares_it_serves_only_gui::260,0.2,0.47,0.33,secrets-safe,0.83
tests/test_driver_core/test_vision.py::_keyed::47,0.29,0.31,0.31,secrets-safe,0.91
tests/test_driver_core/test_vision.py::test_the_vision_call_uses_the_decision_tier_endpoint::86,0.23,0.79,0.46,no-change,0.73
tests/test_hardening.py::test_apply_without_consent_does_not_crash_on_renewal::291,0.18,0.67,0.28,fail-closed,0.35
tests/test_hourglass_consent_handoff.py::_real_policy::128,0.24,0.3,0.3,secrets-safe,0.92
tests/test_isolated_request_runner.py::test_result_reports_model_from_cli_usage_envelope::42,0.2,0.94,0.29,no-change,0.66
tests/test_jev_claims_support.py::test_enabled_unkeyed_returns_advisory_unknown_flags::51,0.22,0.94,0.44,no-change,0.78
tests/test_jev_completion.py::_install_test_oc_receipt::60,0.14,0.82,0.57,secrets-safe,0.45
tests/test_jev_escalation_driver.py::_policy::321,0.13,0.25,0.37,secrets-safe,0.97
tests/test_jev_lane_parity.py::hermetic_settings::41,0.08,0.79,0.42,secrets-safe,0.74
tests/test_jev_log_envelope.py::_unkeyed_policy::69,0.2,0.87,0.38,fail-closed,0.32
tests/test_jev_log_envelope.py::test_keyed_double_scores_flow_into_the_artifact::158,0.16,0.45,0.26,secrets-safe,0.59
tests/test_jev_smoke.py::test_live_contract_and_cost::12,0.17,0.81,0.62,secrets-safe,0.75
tests/test_jev_util_route.py::_unkeyed::57,0.4,0.91,0.25,secrets-safe,0.52
tests/test_judge.py::test_shipped_ids_resolve_in_live_catalog::37,0.19,0.76,0.65,secrets-safe,0.86
tests/test_mcp.py::test_continue_work_resumes_a_gated_write::1286,0.2,0.9,0.47,authz-check,0.19
tests/test_mcp.py::test_panel_verify_tool::298,0.17,0.95,0.33,no-change,0.65
tests/test_oc_handoff_worker.py::test_squash_integrated_handoff_allows_the_next_task::324,0.28,0.88,0.52,no-change,0.53
tests/test_plan_http_batch.py::test_post_runs_plan_asynchronous::115,0.27,0.87,0.32,no-change,0.73
tests/test_planning_surface.py::_temporary_git_cwd::47,0.5,0.94,0.61,no-change,0.52
tests/test_plat_cmd_runnable.py::test_verify_gate_returns_exit_code_and_output::182,0.41,0.96,0.49,no-change,0.75
tests/test_pool_visibility.py::test_learned_byok_removal_is_announced::20,0.24,0.65,0.61,no-change,0.46
tests/test_provision.py::test_approved_run_executes_in_order_and_ledgers_everything::784,0.23,0.92,0.5,no-change,0.4
tests/test_server.py::test_a_loose_token_file_from_an_older_build_is_tightened::992,0.31,0.76,0.67,least-privilege,0.69
tests/test_server.py::test_chat_post_and_history::1027,0.18,0.94,0.25,no-change,0.82
tests/test_server.py::test_explicit_token_writes_nothing::1000,0.19,0.66,0.62,secrets-safe,0.49
tests/test_server.py::test_generates_and_persists_a_token::886,0.31,0.53,0.53,secrets-safe,0.79
tests/test_server.py::test_settings_never_leak_secrets::396,0.26,0.74,0.63,secrets-safe,0.84
tests/test_server_driver.py::test_operator_declared_token_is_honoured::428,0.29,0.6,0.48,secrets-safe,0.69
tests/test_server_driver.py::test_second_call_reuses_the_running_daemon::407,0.42,0.83,0.36,no-change,0.29
tests/test_server_driver.py::test_two_starts_get_two_tokens::401,0.42,0.81,0.49,no-change,0.45
tests/test_site_fold_parity.py::_eval::99,0.11,0.5,0.52,validate-guard,0.7
tests/test_site_server.py::_run_app::290,0.11,0.93,0.49,validate-guard,0.54
tests/test_site_server.py::_unkeyed_settings::17,0.31,0.84,0.7,secrets-safe,0.46
tests/test_sliding_scale.py::test_hermetic_fake_transport_jev_integration::312,0.17,0.6,0.38,secrets-safe,0.67
