key,workstream,disposition,reason,evidence,verified_at
bench/manifests/efficiency/race-guard/counters.py::bump::5,1a-concurrency,FALSE-POSITIVE,"Intentional racy benchmark fixture, not a production defect. The race is real (Jev conc score 2.57) but the file exists to be fixed by the agent.","[""bench/manifests/efficiency/race-guard/task.json: 'The Counter.bump method races when called from multiple threads (read-modify-write without synchronization). Make it thread-safe using a lock created in __init__' \u2014 the race is the task premise"", ""bench/manifests/efficiency/race-guard/check.py asserts a lock-like object exists on the instance and that 8 threads x 2000 bumps == 16000 \u2014 check.py is the verifier, the only importer of counters.py"", ""No production callers: only references are check.py, task.json, and bench run logs (demo_ledger.py)"", ""Jev defect_real noul=0.25 with the fixture context in state""]",2026-10-06T11:11:09Z
harness/executor.py::execute_dag::186,1a-concurrency,FALSE-POSITIVE,No specific concurrency defect traced. Parallel nodes are isolated (git-worktree isolator + partition_by_target_overlap for overlap-free nodes); overlapping declared targets serialize in the shared tree under the per-path mutex; max_workers==1 takes a fully serial path; per-node failures recorded in stage_results/failed_nodes with keep_going semantics.,"[""executor.py:186-333: iso_nodes get isolator.create handles; shared_nodes run serially under the mutex (the 'Serial shared-tree arm' loop)"", ""ThreadPoolExecutor used with as_completed collection; per-future exceptions captured into stage_results as status='fatal' \u2014 no lost exceptions"", ""finally: isolator.discard(handle) for every created handle \u2014 no leaked worktrees on the exception path"", ""Jev defect_real noul=0.42, conc score 2.14 @ conf 0.58 (below the 0.95 gate)""]",2026-10-06T11:11:09Z
harness/jev.py::evaluate::605,1a-concurrency,FALSE-POSITIVE,"Single-flight leader election is lock-atomic: JevCache.begin() elects exactly one leader under self._lock (jev.py:337-349). The unlocked `led` set add/discard/check are GIL-atomic; a race there can only cause a redundant dispatch, never a wrong or corrupt result. Waiters coalesce on the flight event or time out and dispatch themselves (extra request, still correct).","[""jev.py:337-349 JevCache.begin: 'with self._lock: flight = self._inflight.get(key); ... return flight, True' \u2014 single leader guaranteed"", ""JevCache.finish pops under lock then sets the event; waiters read flight.value only after event set"", ""led.add(cache_key) executes only on the begin()-elected leader path; led.discard in finally"", ""Jev defect_real noul=0.31, conc score 1.94 @ conf 0.67""]",2026-10-06T11:11:09Z
harness/mcp.py::serve_forever::204,1a-concurrency,FALSE-POSITIVE,"All shared-state mutations are lock-guarded: the duplicate request-id check-and-add is atomic under _cancel_lock (mcp.py:247-255); workers discard the id from _inflight only after the response frame is written, under the same lock (mcp.py:286-290); _note_start/_forget_start under lock. Single reader thread; per-lane pools are max_workers=1.","[""mcp.py:247-255: 'with self._cancel_lock: if request_id in self._inflight: ... reject; self._inflight.add(request_id)' \u2014 no TOCTOU"", ""mcp.py:286-290 finally: discard under _cancel_lock after response written \u2014 closes the reuse gap by design (comment)"", ""Jev defect_real noul=0.28, conc score 1.76 @ conf 0.48""]",2026-10-06T11:11:09Z
harness/server.py::create_run::832,1a-concurrency,FALSE-POSITIVE,No race: the worker thread (_run_thread) reads only keys set before t.start() (kind/id/args); record['thread'] is write-only metadata — the only other ['thread'] reader in server.py is an unrelated _DRIVER_DAEMON dict (line 522). Dict set/get are GIL-atomic; run_public reads known keys via .get. record['_cancel'] is set before the lock.,"[""server.py:832-849: record fully populated (id/kind/task_id/args/status/result/error/created_at/finished_at/_cancel) before 'with self.lock: self.runs[run_id]=record'; record['thread']=t then t.start() \u2014 correct ordering"", ""server.py:851-876 _run_thread reads record['kind'], record['id'], record['args'] \u2014 all pre-start; never reads record['thread']"", ""grep: no concurrent reader of record['thread'] exists"", ""Jev defect_real noul=0.40, conc score 1.56 @ conf 0.40""]",2026-10-06T11:11:09Z
harness/agent.py::_handle_driver_task::1143,1b-failopen,FALSE-POSITIVE,"res.get('status','done') default is unreachable: run_driver_task always returns a dict with 'status' set (server.py:704-756 — verified_without_driver/done/cancelled/cost_capped/verify_failed/max_steps_reached). The 'Cryptographic Audit: Verified clean' text is appended only under 'if audit.get(""ok""):'; adapter.verify() raising leaves audit None -> no clean-claim. Per-step PerceptionUnavailable is caught into ok:False envelopes.","[""server.py:704-756: status assigned in every branch; return dict literal includes 'status': status"", ""server.py:~709-712: try: audit_status = adapter.verify() except Exception: pass -> audit None means no 'Verified clean' text (agent.py:~1171 'if audit.get(\""ok\""):')"", ""agent.py:1143-1186: summary/status strings are honest about unverified completion ('no verify command confirmed the result')"", ""Jev defect_real noul=0.53, sec_fail_closed noul=0.16""]",2026-10-06T11:11:09Z
harness/agent.py::_hourglass_request_context::408,1b-failopen,FALSE-POSITIVE,"Web-fetch failure is explicitly recorded, not swallowed: except Exception -> web_sources=[{'kind':'web','ok':False,'note':'web tools error: ...'}], and only sources with source.get('ok') contribute body text. The comment documents intent ('context failure must not kill the lane'). Callers receive the failure marker in the returned tuple.","[""agent.py:~433-439: except Exception as exc: web_sources = [{'kind': 'web', 'ok': False, 'note': f'web tools error: {type(exc).__name__}'}]"", ""agent.py:~440-443: 'if source.get(\""ok\""):' guards body inclusion \u2014 failed sources contribute nothing silently-absent, but remain visible as ok:False entries"", ""Jev defect_real noul=0.08, sec_fail_closed noul=0.23""]",2026-10-06T11:11:09Z
harness/capability.py::capabilities_payload::52,1b-failopen,FALSE-POSITIVE,"Read-only informational envelope builder; it makes no allow/deny or routing decision, so 'fail-open' is inapplicable. probe.get(model) -> None is a display field; ensure_profiles/probe_json_reliability exceptions propagate (fail-closed).","[""capability.py:52-126: returns {'captured_at','refreshed','models','count'} \u2014 display data only"", ""No authorization, gating, or enforcement branch exists in the function"", ""Jev defect_real noul=0.40, sec_fail_closed noul=0.15""]",2026-10-06T11:11:09Z
harness/cli.py::_cmd_spend::760,1b-failopen,FALSE-POSITIVE,"Read-only spend report printer; 'if ""jev"" in c_report' merely enriches display. No budget enforcement or gate lives here (enforcement is the SpendGovernor's).","[""cli.py:760-772: builds status dict and _emit()s it \u2014 no decision branch"", ""Jev defect_real noul=0.21, sec_fail_closed noul=0.15""]",2026-10-06T11:11:09Z
harness/config.py::resolve_jev_key::535,1b-failopen,FALSE-POSITIVE,"Returning None is the designed 'no key' signal and the caller fails safe: JevEvaluator.evaluate does 'if not self.api_key: return local(""explicit_disable"" if self.explicitly_disabled else ""missing_key"")' — local structural evaluation, explicitly labelled, never a fake keyed judgment.","[""config.py:535-558: returns None only when no key file entry and no env var set"", ""jev.py evaluate (~line 620): 'if not self.api_key: return local(...)' \u2014 degraded mode is explicit and labelled"", ""Jev defect_real noul=0.22, sec_fail_closed noul=0.18""]",2026-10-06T11:11:09Z
harness/jev.py::shared_breakers::522,1b-failopen,FALSE-POSITIVE,"No state is silently dropped: CircuitBreakers defines no __bool__/__len__ (always truthy), so 'pop(ident,None) or CircuitBreakers()' creates a board only when the key was absent. The pop+reinsert is an LRU touch under _SHARED_BREAKERS_LOCK; eviction only trims the oldest ident past SHARED_BREAKER_CAP. Breaker failure counts live on the board object, which is preserved.","[""jev.py:439+: class CircuitBreakers has no __bool__/__len__ (only JevCache at 374 defines __len__) \u2014 'or' never fires on an existing board"", ""jev.py:522-535: whole body under 'with _SHARED_BREAKERS_LOCK'"", ""Jev defect_real noul=0.32, sec_fail_closed noul=0.17""]",2026-10-06T11:11:09Z
harness/local_fit/train.py::score::480,1b-failopen,FALSE-POSITIVE,No security-relevant gate: a local heuristic scorer for UI display. ONNX/session errors propagate as exceptions (fail-closed); nothing is silently approved. Malformed features would raise in build_feature_vector or produce a meaningless-but-harmless float.,"[""train.py:480-490: no try/except \u2014 sess.run errors propagate to the caller"", ""Function makes no authorization, enforcement, or filtering decision"", ""Jev defect_real noul=0.67, sec_fail_closed noul=0.12""]",2026-10-06T11:11:09Z
harness/media_client.py::_load_endpoint::43,1b-failopen,FALSE-POSITIVE,"Fallback grants no privilege: corrupt/unreadable config -> DEFAULT_BASE with the same env token (the caller's own identity). No credential is invented and no endpoint is trusted beyond the documented default. Robustness note (not fail-open): the except (OSError,ValueError) fallback logs no warning, so a corrupt config goes unnoticed operationally.","[""media_client.py:43-52: 'except (OSError, ValueError): pass' then 'return DEFAULT_BASE, env_token' \u2014 same token, default endpoint"", ""No authentication or authorization decision depends on which branch is taken"", ""Jev defect_real noul=0.75, sec_fail_closed noul=0.10""]",2026-10-06T11:11:09Z
harness/media_client.py::jobs::129,1b-failopen,FALSE-POSITIVE,"Informational listing; _request raises MediaUnavailable on any transport/HTTP failure, so .get('jobs',[]) only triggers on a successful-but-keyless response. No security decision depends on the list.","[""media_client.py:129-132: '[self._envelope(j) for j in self._request(\""GET\"", q).get(\""jobs\"", [])]'"", ""Jev defect_real noul=0.60, sec_fail_closed noul=0.20""]",2026-10-06T11:11:09Z
harness/media_client.py::wait::116,1b-failopen,FALSE-POSITIVE,"Timeout returns an explicit non-success envelope {'status':'timeout','job_id':...}, not a success. Transport/HTTP errors raise MediaUnavailable from _request (fail-closed), so failures cannot masquerade as results.","[""media_client.py:116-123: deadline loop returns only on succeeded/failed/refused; falls through to 'return {\""status\"": \""timeout\"", \""job_id\"": job_id}'"", ""media_client.py _request: HTTPError (non-budget) -> 'raise MediaUnavailable'; URLError/OSError -> raise \u2014 never returns a fake job"", ""Jev defect_real noul=0.53, sec_fail_closed noul=0.25""]",2026-10-06T11:11:09Z
harness/osal.py::_kill_tree::141,1b-failopen,FALSE-POSITIVE,"Kill is best-effort by documented design and the caller does not believe the child is dead: run_tree calls _kill_tree on timeout, then process.wait, and returns CommandResult(124, 'command timed out after Ns') — an explicit timeout status. The docstring states descendants may survive and pipes are abandoned instead.","[""osal.py:141-165: each kill step wrapped in try/except OSError -> pass (best-effort)"", ""osal.py:210-230 run_tree: after _kill_tree, 'process.wait(timeout=_DRAIN_SECONDS)' with TimeoutExpired->pass, then 'return CommandResult(124, f\""command timed out...\"")' \u2014 explicit, never success"", ""Jev defect_real noul=0.55, sec_fail_closed noul=0.11""]",2026-10-06T11:11:09Z
harness/server.py::_api_cost::1500,1b-failopen,FALSE-POSITIVE,Read-only cost observability; _flag() defaults are explicit ('0' default -> False). No enforcement decision; a malformed query cannot produce a privileged outcome.,"[""server.py:1500-1510: 'def _flag(name): return str((q.get(name) or [\""0\""])[0]).lower() in (\""1\"",\""true\"",\""yes\"")' \u2014 explicit defaulting"", ""Jev defect_real noul=0.37, sec_fail_closed noul=0.21""]",2026-10-06T11:11:09Z
harness/server.py::_api_missions_list::1513,1b-failopen,FALSE-POSITIVE,"No silent pass: missing root -> documented normal empty state (os.listdir OSError -> names=[]); corrupt packs skipped explicitly ('continue  # corrupt pack: skip it rather than fail the whole list'); pagination bounded by _opt_int clamps (1-100 / 0-1000000). Adjacent observation (different facet, for the input-validation workstream): 'root' from the query reaches os.listdir unvalidated — localhost authed server, but worth a note.","[""server.py:936-956 _list_missions: 'except OSError: names = []' with docstring 'Missing roots are the normal empty state'"", ""server.py:1513-1521: limit/offset via _opt_int clamps"", ""Jev defect_real noul=0.26, sec_fail_closed noul=0.28""]",2026-10-06T11:11:09Z
harness/server.py::_driver_adapter::558,1b-failopen,FALSE-POSITIVE,"A dead adapter cannot silently pass: every API call site wraps adapter calls in try/except -> explicit 503/500 (_api_driver_health returns {'ok':False,'status':'down',...}; step/vocab/schemas/verify -> _error(503/500)). In run_driver_task, adapter.step raising PerceptionUnavailable is caught per-step into ok:False envelopes, and terminal statuses ('max_steps_reached', never bare 'done' with 0 ok steps unless verified) are honest.","[""server.py:1539-1600: six _api_driver_* handlers, each 'try: ... except PerceptionUnavailable -> 503/400; except Exception -> 500'"", ""server.py:~646-655 run_driver_task: 'except PerceptionUnavailable as e: env = {\""ok\"": False, ...}'"", ""server.py:~709-712: audit verify failure -> audit None -> no 'Verified clean' claim downstream"", ""Jev defect_real noul=0.43, sec_fail_closed noul=0.19""]",2026-10-06T11:11:09Z
harness/server.py::_settings_view::888,1b-failopen,FALSE-POSITIVE,The function IS the fail-closed mechanism: secrets become presence booleans (mcp_auth_token->None + _present=True; expect_key_label likewise). No failure path leaks a secret; resolve_api_key() is only bool()-ed for posture display.,"[""server.py:888-900: 'd[\""paid_key_present\""] = bool(resolve_api_key())'; token fields nulled with presence flags"", ""Comment cites 'audit #9b rule' for the label redaction"", ""Jev defect_real noul=0.36, sec_fail_closed noul=0.18""]",2026-10-06T11:11:09Z
harness/server.py::log_message::979,1b-failopen,FALSE-POSITIVE,"Redaction covers the realistic leak surface: _authorized documents 'A token in the query string is not accepted: URLs are logged, kept in history and sent in Referer' — the server only accepts X-Harness-Auth / Authorization: Bearer headers, which BaseHTTPRequestHandler.log_message never logs (it logs only the request line). The token= regex is defense-in-depth for client mistakes.","[""server.py:979-983: '_TOKEN_IN_LOG_RE.sub(r\""\\1REDACTED\"", fmt % args)' before writing"", ""server.py:1029-1033 _authorized: query-string tokens not accepted, by design because URLs are logged"", ""server.py:101: _TOKEN_IN_LOG_RE = re.compile(r'(token=)[^&\\s\\\""]+', re.IGNORECASE)"", ""Jev defect_real noul=0.61, sec_fail_closed noul=0.10""]",2026-10-06T11:11:09Z
harness/server.py::run_apply_task::286,1b-failopen,FALSE-POSITIVE,"All run_*_task entry points execute inside UiState._run_thread, which catches every exception and records {'status':'error','error':...} (server.py:851-876: 'except HarnessError', 'except ToolCancelled', 'except Exception as e: # never let a run thread die silently'). An apply_batch failure can never surface as silent success.","[""server.py:765-771 RUNNERS maps 'apply'->run_apply_task, invoked by _run_thread"", ""server.py:851-876: try/except chain sets record['status']='error'/'cancelled' on every exception path; record['finished_at'] always set"", ""Jev defect_real noul=0.46, sec_fail_closed noul=0.20""]",2026-10-06T11:11:09Z
harness/server.py::run_chat_task::371,1b-failopen,FALSE-POSITIVE,"Same fail-closed caller as run_apply_task: UiState._run_thread catches all exceptions into status='error'. Missing args raise KeyError -> recorded as error, never as success.","[""server.py:851-876 _run_thread exception chain (see run_apply_task record)"", ""Jev defect_real noul=0.36, sec_fail_closed noul=0.21""]",2026-10-06T11:11:09Z
harness/server.py::run_dogfood_task::394,1b-failopen,FALSE-POSITIVE,Same fail-closed caller: _run_thread records any exception as status='error'. Pass-through to run_dogfood; failures are explicit.,"[""server.py:851-876 _run_thread exception chain"", ""Jev defect_real noul=0.31, sec_fail_closed noul=0.25""]",2026-10-06T11:11:09Z
harness/site_export.py::_secret_scan::454,1b-failopen,FALSE-POSITIVE,"Textbook fail-closed: the only production caller, write_bundle, does 'hit = _secret_scan(payload); if hit: raise HarnessError(""refusing export: secret-shaped content matched ..."")'. A miss is a detection-coverage question (4 patterns: sk-or-v1, apikey_, Bearer, PRIVATE KEY), not a control-flow fail-open — and pattern coverage is a different facet from this workstream.","[""site_export.py:534-539 write_bundle: 'hit = _secret_scan(payload); if hit: raise HarnessError(f\""refusing export: secret-shaped content matched {hit!r}...\"")'"", ""site_export.py:454-459 _secret_scan returns the matched pattern or None \u2014 None means 'no pattern hit', and the caller denies on any hit"", ""Jev defect_real noul=0.66, sec_fail_closed noul=0.57""]",2026-10-06T11:11:09Z
harness/spend.py::discover_free_models::707,1b-failopen,FALSE-POSITIVE,"fetch_models failures propagate (fail-closed, no fake list). Dropping prefer entries that are no longer free/existing is the documented contract ('Any prefer entry that is no longer free/existing is dropped'). No security gate involved.","[""spend.py:707-727: 'gov = SpendGovernor(transport, api_key); models = gov.fetch_models()' \u2014 exceptions propagate"", ""Docstring documents the prefer-drop behavior"", ""Jev defect_real noul=0.20, sec_fail_closed noul=0.34""]",2026-10-06T11:11:09Z
harness/ui.py::_open_window::25,1b-failopen,FALSE-POSITIVE,"Documented safe design: the desktop token rides the URL fragment ('visible to the page but never sent to the network' — fragments are client-side only, never in HTTP requests, Referer, or server logs). The system-browser fallback keeps the same fragment channel; no token reaches the network either way.","[""ui.py:25-36: comment 'the token rides the URL fragment so it is visible to the page but never sent to the network'"", ""Both branches append '#' + token (fragment), never '?token=' (query)"", ""Jev defect_real noul=0.67, sec_fail_closed noul=0.13""]",2026-10-06T11:11:09Z
harness/ui.py::_write_token_file::55,1b-failopen,FALSE-POSITIVE,"The function is written against the attack it names: symlink at path -> refused (islink check, never followed/replaced); fresh sibling file created O_EXCL with 0o600 then os.replace (atomic, never writes into a pre-created file); OSError -> pass is documented non-fatal ('Failure to persist is not fatal: the token just will not survive a restart') — the caller is told this in the docstring.","[""ui.py:55-90: 'if os.path.islink(path): return'; 'fd = os.open(tmp, O_WRONLY|O_CREAT|O_EXCL, 0o600)'; 'os.replace(tmp, path)'"", ""finally: tmp unlinked if still set \u2014 no temp file left behind"", ""Jev defect_real noul=0.28, sec_fail_closed noul=0.23""]",2026-10-06T11:11:09Z
tests/dogfood_matrix_suite.py::test_cat08_driver_perception::424,1b-failopen,FALSE-POSITIVE,"Dogfood matrix test: starts a real driver server, runs a 2-step driver task, and returns score_driver_loop(res) for the matrix to grade. The fail-closed facet does not apply to test scoring functions; the result is evaluated, not trusted.","[""dogfood_matrix_suite.py:424-441: serves driver_core on localhost, run_driver_task(...), 'return score_driver_loop(res)'"", ""Jev defect_real noul=0.21, sec_fail_closed noul=0.13""]",2026-10-06T11:11:09Z
tests/test_audit_d12_coverage.py::_git::39,1b-failopen,FALSE-POSITIVE,"Test helper; its callers check outcomes explicitly: line 54 '_git(""cat-file"", ""-e"", ref+""^{commit}"").returncode == 0' and line 55 checks .stdout. Failures are not silently absorbed by the assertions that matter.","[""test_audit_d12_coverage.py:39-41: thin subprocess.run wrapper with capture"", ""Callers: '.returncode == 0' checks and .stdout comparisons at lines 54-67"", ""Jev defect_real noul=0.45, sec_fail_closed noul=0.15""]",2026-10-06T11:11:09Z
tests/test_hardening.py::test_apply_without_consent_does_not_crash_on_renewal::291,1b-failopen,FALSE-POSITIVE,"Crash-regression test by name and design: it exercises the no-consent renewal path (require_consent=False IS the path under test) with a stubbed verifier and asserts status=='ok' plus file content. Consent-gate enforcement is covered separately (tests/test_consent.py, test_consent_confidence.py). The literal require_consent=False kwarg is the fixture setup, not a bypass.","[""test_hardening.py:291-321: comment 'Unknown trust requires gateless writes to carry a gate; the stub runner keeps this hermetic (the no-consent renewal path under test is unchanged)'"", ""Gate enforcement tests exist: tests/test_consent.py, tests/test_consent_confidence.py"", ""Jev defect_real noul=0.19, sec_fail_closed noul=0.24""]",2026-10-06T11:11:09Z
tests/test_isolated_request_runner.py::test_result_reports_model_from_cli_usage_envelope::42,1b-failopen,FALSE-POSITIVE,"Parsing unit test with explicit assertions: exit_code==0, '--model' absent from the spawned argv, and model parsed from the usage envelope. A runner ignoring the envelope would fail the model assertion.","[""test_isolated_request_runner.py:42-62: asserts on exit code, argv contents, and parsed model name"", ""Jev defect_real noul=0.13, sec_fail_closed noul=0.20""]",2026-10-06T11:11:09Z
tests/test_jev_log_envelope.py::test_keyed_double_scores_flow_into_the_artifact::158,1b-failopen,FALSE-POSITIVE,"Unit test asserting artifact fields (coverage fallbacks==0, by_level mapping, mean_value). Failures in the keyed path would change these asserted values; the test does not silently pass on zeros.","[""test_jev_log_envelope.py:158-196: assertEqual on coverage['fallbacks'], scores['by_level'], scores['mean_value']"", ""Jev defect_real noul=0.12, sec_fail_closed noul=0.18""]",2026-10-06T11:11:09Z
tests/test_jev_util_route.py::_unkeyed::57,1b-failopen,FALSE-POSITIVE,"Test fixture by design: clears jev_api_key to exercise the unkeyed routing path. Testing the degraded path is the point of the fixture, not a masking of the keyed path (keyed paths have their own tests, e.g. test_keyed_double_scores_flow_into_the_artifact).","[""test_jev_util_route.py:57-60: 'settings.jev_api_key = None; return settings'"", ""Jev defect_real noul=0.07, sec_fail_closed noul=0.23""]",2026-10-06T11:11:09Z
tests/test_server.py::test_chat_post_and_history::1027,1b-failopen,FALSE-POSITIVE,"Standard mocked API test: POST /api/chat -> 201, poll result until settled, assert status ok + response text, then GET history and assert shape. The mock isolates the HTTP layer under test; pipeline failures are covered by non-mocked tests.","[""test_server.py:1027-1062: asserts 201, run kind, settled status=='ok', response text, history shape"", ""Jev defect_real noul=0.07, sec_fail_closed noul=0.26""]",2026-10-06T11:11:09Z
audits/self/audit.py::r_http_transient::384,1c-notvalidated,FALSE-POSITIVE,no untrusted input — internal self-audit rule takes no parameters; it only reads the repo's own source text,"[""args=[]"", ""audits/self/audit.py r_* rule family""]",2026-10-06T11:09:34
audits/self/audit.py::sd_corpus_integrity::1082,1c-notvalidated,FALSE-POSITIVE,no untrusted input — internal self-audit rule takes no parameters; it only reads the repo's own source text,"[""args=[]"", ""audits/self/audit.py r_* rule family""]",2026-10-06T11:09:34
audits/self/audit.py::sd_shipped_freshness::1018,1c-notvalidated,FALSE-POSITIVE,no untrusted input — internal self-audit rule takes no parameters; it only reads the repo's own source text,"[""args=[]"", ""audits/self/audit.py r_* rule family""]",2026-10-06T11:09:34
audits/self/audit.py::sm_lint::818,1c-notvalidated,FALSE-POSITIVE,no untrusted input — internal self-audit rule takes no parameters; it only reads the repo's own source text,"[""args=[]"", ""audits/self/audit.py r_* rule family""]",2026-10-06T11:09:34
driver_core/config.py::load_settings::226,1c-notvalidated,FALSE-POSITIVE,no untrusted input — reads the operator's own process environment with typed parsing; malformed ints/floats/bools raise ConfigError via _env_int/_env_float/_env_bool,"[""_env_int raises ConfigError on non-integer (driver_core/config.py)"", ""env defaults to os.environ \u2014 operator-owned config, not attacker input""]",2026-10-06T11:09:34
driver_core/jev_client.py::decide::310,1c-notvalidated,FALSE-POSITIVE,"no untrusted input — internal orchestration; the network response is parsed defensively (payload or {}, usage.get with int() defaults, every exit settles one reservation)","[""response.payload or {}"", ""int(usage.get(\""input_tokens\"") or 0)""]",2026-10-06T11:09:34
driver_core/server.py::do_GET::314,1c-notvalidated,FALSE-POSITIVE,"validated by callee — route is allowlist-checked via routes.get(route), unknown routes return 404; _authorised() gates before routing","[""handle(): handler = routes.get(route); 404 on unknown (driver_core/server.py:218)"", ""_authorised() checked first in do_GET""]",2026-10-06T11:09:34
driver_core/server.py::serve::341,1c-notvalidated,FALSE-POSITIVE,"no untrusted input — host/port arrive from typed env parse (ConfigError on bad int) or argparse type=int; empty host deliberately falls back to loopback, documented in the docstring","[""port=_env_int(...); ThreadingHTTPServer((host, port), Handler)"", ""host='' -> loopback fallback is the documented design""]",2026-10-06T11:09:34
examples/oc_handoff/worker.py::_receipt::609,1c-notvalidated,FALSE-POSITIVE,example/demo worker code — callers are the example's own _finish flow and a test installer,"[""callers: examples/oc_handoff/worker.py::_finish, tests/test_jev_completion.py::_install_test_oc_receipt""]",2026-10-06T11:09:34
examples/oc_handoff/worker.py::_sign_payload::297,1c-notvalidated,FALSE-POSITIVE,example/demo worker code — callers are the example's own approve_candidate flow and a test installer; not a production trust boundary,"[""callers: examples/oc_handoff/worker.py::approve_candidate, tests/test_jev_completion.py::_install_test_oc_receipt""]",2026-10-06T11:09:34
harness/_http.py::post::115,1c-notvalidated,FALSE-POSITIVE,"no untrusted input — url/payload originate from internal callers (provider endpoints, governed chat); JSON parse failures are handled, retries bounded by MAX_RETRIES","[""except json.JSONDecodeError: parsed = {'error': ...}"", ""range(self.MAX_RETRIES + 1)""]",2026-10-06T11:09:34
harness/_http.py::post_once::145,1c-notvalidated,FALSE-POSITIVE,no untrusted input — same as post(); single-shot by documented contract,"[""url/payload from internal callers (jev._evaluate_once)"", ""HTTPError body handled""]",2026-10-06T11:09:34
harness/agent.py::_gather_web_context::369,1c-notvalidated,FALSE-POSITIVE,validated by callee — allowed_hosts=DEFAULT_FETCH_HOSTS is pinned at the call; fetch_url enforces https-only and host-allowlist (harness/web.py),"[""allowed_hosts=DEFAULT_FETCH_HOSTS"", ""fetch_url raises on non-https / non-allowlisted host""]",2026-10-06T11:09:34
harness/agent.py::_handle_driver_task::1143,1c-notvalidated,FALSE-POSITIVE,no untrusted input — internal orchestration; task args built locally; response parsed via .get with defaults,"[""res.get(\""total_steps\"", 0)"", ""s.get(\""envelope\"") or {}""]",2026-10-06T11:09:34
harness/agent.py::_hourglass_request_context::408,1c-notvalidated,FALSE-POSITIVE,"no untrusted input — prompt is the operator's own chat text; candidate files are existence-checked under root_dir, reads are read-only, bounded, and the content is returned to the operator's own view","[""candidates = discover_target_files(prompt, self.root_dir)"", ""if path.is_file(): read_text"", ""context truncated to _MAX_HOURGLASS_CONTEXT_CHARS""]",2026-10-06T11:09:34
harness/agent.py::_live_jev_available::365,1c-notvalidated,FALSE-POSITIVE,no untrusted input — reads settings attributes only,"[""bool(getattr(self.settings, 'jev_api_key', None) ...)""]",2026-10-06T11:09:34
harness/agent.py::_plan_round::1417,1c-notvalidated,FALSE-POSITIVE,no untrusted input — internal orchestration (compose_plan); goal comes from the agent's own session,"[""goal, candidate_files, gov are internal session values""]",2026-10-06T11:09:34
harness/apply_gate.py::finish_escalation::307,1c-notvalidated,FALSE-POSITIVE,no untrusted input — internal gate transaction; req/state/content come from the escalation machinery itself,"[""self.write_candidate / self.run_gate / self.ledger""]",2026-10-06T11:09:34
harness/capability.py::capabilities_payload::52,1c-notvalidated,FALSE-POSITIVE,no untrusted input — model pools are internal; profiles.get(mid) is None-checked,"[""p = profiles.get(mid); if p is None: return None""]",2026-10-06T11:09:34
harness/capability.py::probe_json_reliability::490,1c-notvalidated,FALSE-POSITIVE,no untrusted input — internal known-answer probe set; every probe call is governor-preflighted and spend-governed,"[""questions = list(_PROBE_QUESTIONS)"", ""governor.preflight(q, ...)""]",2026-10-06T11:09:34
harness/cli.py::_cmd_rankings::917,1c-notvalidated,FALSE-POSITIVE,validated by caller — argparse type=int for --top (harness/cli_parser.py); --probe is a flag,"[""prank.add_argument(\""--top\"", type=int, default=None)""]",2026-10-06T11:09:34
harness/cli.py::_cmd_spend::760,1c-notvalidated,FALSE-POSITIVE,no untrusted input — opts.out is the operator's CLI output path; _emit is the ONE documented result emitter (harness/cli_report.py:20),"[""_emit(status, opts.out)"", ""--out writes the JSON report""]",2026-10-06T11:09:34
harness/config.py::resolve_jev_key::535,1c-notvalidated,FALSE-POSITIVE,no untrusted input — config-file/env passthrough; OSError handled; nothing is parsed or executed,"[""except OSError: pass"", ""returns env or file value verbatim""]",2026-10-06T11:09:34
harness/consent.py::probe_consent::153,1c-notvalidated,FALSE-POSITIVE,"no untrusted input — internal callers; task truncated at 20000 chars, context at 2000; fails closed to defer","[""task[:20000]"", ""context[:2000]"", ""fails closed to defer""]",2026-10-06T11:09:34
harness/executor.py::run_node::518,1c-notvalidated,FALSE-POSITIVE,no untrusted input — internal DAGNode from the plan; repo-relative/absolute targets re-rooted via _rebase_path,"[""target = _rebase_path(target, self.repo, gate_cwd)"", ""gate = rebase_gate(...)""]",2026-10-06T11:09:34
harness/executor.py::task_runner::540,1c-notvalidated,FALSE-POSITIVE,"no untrusted input — nested closure; command comes from the gate config, cwd pinned to gate_cwd","[""default_run_verify(command, timeout=timeout, cwd=gate_cwd)""]",2026-10-06T11:09:34
harness/jev.py::_cache_key::588,1c-notvalidated,FALSE-POSITIVE,no untrusted input — hash digest over endpoint/model/key-id/state; total function,"[""_strict_digest(JEV_CACHE_VERSION, self.endpoint, self.model, key_id, state, active)""]",2026-10-06T11:09:34
harness/jev.py::shared_breakers::522,1c-notvalidated,FALSE-POSITIVE,"no untrusted input — sha256 digest of endpoint/key; total function, no bounds needed","[""hashlib.sha256(...).hexdigest()"", ""registry capped at SHARED_BREAKER_CAP""]",2026-10-06T11:09:34
harness/local_fit/train.py::score::480,1c-notvalidated,FALSE-POSITIVE,no untrusted input — internal ML training pipeline; features built from its own metadata/stats,"[""build_feature_vector(row_features, stats)"", ""self.metadata['output_classes']""]",2026-10-06T11:09:34
harness/mcp.py::_refuse::506,1c-notvalidated,FALSE-POSITIVE,no untrusted input — internal refusal path; ledger failure is swallowed and HarnessError raised,"[""except Exception: pass"", ""raise HarnessError(message)""]",2026-10-06T11:09:34
harness/mcp.py::main::1250,1c-notvalidated,FALSE-POSITIVE,argv validated by caller — _handle_cli_flags/argparse own the CLI boundary; marked pragma: no cover wiring,"[""exit_code = _handle_cli_flags(argv)"", ""# pragma: no cover - thin wiring""]",2026-10-06T11:09:34
harness/media_client.py::_generate::106,1c-notvalidated,FALSE-POSITIVE,no untrusted input — internal client; job status checked via .get; the job_id sink is in wait/job (flagged separately),"[""job.get(\""status\"") == \""refused\"""", ""return self.wait(job['id'], ...)""]",2026-10-06T11:09:34
harness/media_client.py::_load_endpoint::43,1c-notvalidated,FALSE-POSITIVE,no untrusted input — reads the operator's config file + env; OSError/ValueError handled,"[""except (OSError, ValueError): pass"", ""cfg.get('base_url', DEFAULT_BASE)""]",2026-10-06T11:09:34
harness/media_client.py::job::126,1c-notvalidated,NEEDS-HUMAN,"NEEDS-HUMAN: Threat-model call for Lucas: job_id comes from the operator's own CLI arg ('harness media job <id>') and is interpolated raw into the URL path to the operator's own configured media endpoint (harness/media_client.py:126). Real defect or by-design (operator supplies it, sink is the operator's service)?","[""CLI arg / operator string job_id (harness/media_client.py::run_cli:157 'job' subcommand)"", ""-> job() interpolates '/v1/jobs/{}'.format(job_id) (harness/media_client.py:126)"", ""-> urllib.request.Request(self.base + path) (_request:71); sink is the operator's own configured media endpoint"", ""jev defect_real noul=0.89"", ""jev sec_validates_input noul=0.05""]",2026-10-06T11:09:34
harness/media_client.py::run_cli::157,1c-notvalidated,FALSE-POSITIVE,"validated by caller — argparse with type=int/type=float and choices=['low','medium','high']","[""p.add_argument(\""--timeout\"", type=float, default=600)"", ""choices=[\""low\"", \""medium\"", \""high\""]""]",2026-10-06T11:09:34
harness/media_client.py::wait::116,1c-notvalidated,NEEDS-HUMAN,"NEEDS-HUMAN: Threat-model call for Lucas: job_id comes from the remote media service's own JSON response and is interpolated raw into the URL path '/v1/jobs/{job_id}' of a request to the operator's OWN configured media endpoint (harness/media_client.py:116 -> _request:71). A compromised media server could inject path segments. Is a format allowlist on job_id warranted, or is this accepted risk?","[""media-server JSON response job['id'] (harness/media_client.py::_generate:106)"", ""-> wait(job_id) interpolates '/v1/jobs/{}'.format(job_id) (harness/media_client.py:116)"", ""-> urllib.request.Request(self.base + path) (harness/media_client.py::_request:71)"", ""jev defect_real noul=0.91"", ""jev sec_validates_input noul=0.05""]",2026-10-06T11:09:34
harness/osal.py::_kill_tree::141,1c-notvalidated,FALSE-POSITIVE,no untrusted input — argv-list subprocess (no shell); pid is an int; failures swallowed,"[""[\""taskkill\"", \""/T\"", \""/F\"", \""/PID\"", str(process.pid)]"", ""os.killpg(os.getpgid(process.pid), ...)""]",2026-10-06T11:09:34
harness/provision.py::_recipe_system_pm::2023,1c-notvalidated,FALSE-POSITIVE,no untrusted input — argv tuples (no shell); operator-owned manifest; versions appended after flags as values,"[""tuple(install), no shell=True""]",2026-10-06T11:09:34
harness/provision.py::_recipe_venv_pip::1966,1c-notvalidated,FALSE-POSITIVE,no untrusted input — commands are argv tuples (no shell); request names/versions come from the operator's own provision manifest; step names sanitized via _slug,"[""tuple commands, no shell=True"", ""_slug(req.name)""]",2026-10-06T11:09:34
harness/server.py::_api_cost::1500,1c-notvalidated,FALSE-POSITIVE,"input sanitized — window is coerced via str().strip().lower(); cost_report (harness/ledger_analytics.py:509) ignores non-numeric, non-suffixed values instead of failing","[""s = str(window).strip().lower()"", ""except ValueError: pass""]",2026-10-06T11:09:34
harness/server.py::_api_mission_detail::1524,1c-notvalidated,NEEDS-HUMAN,"NEEDS-HUMAN: Threat-model call for Lucas: `root` comes RAW from the HTTP query string and flows to Path(root)/mission_id at harness/mission_record.py:403 (mission_id IS validated, root is not), loading an arbitrary on-disk mission.yaml when the dir matches — behind _guard(): loopback-only + X-Harness-Auth token. Same question as _api_missions_list: normalize/allowlist `root`, or accept authenticated-operator-only?","[""HTTP query param q['root'] raw from parse_qs (harness/server.py:do_GET:1065)"", ""-> _api_mission_detail:1524: root raw -> mr.load_mission_pack(root, mission_id)"", ""-> MissionPack.__init__: self.root = Path(root) (harness/mission_record.py:403); mission_id IS validated (validate_mission_id:78) but root is not"", ""jev defect_real noul=0.86"", ""jev sec_validates_input noul=0.07""]",2026-10-06T11:09:34
harness/server.py::_api_missions_list::1513,1c-notvalidated,NEEDS-HUMAN,"NEEDS-HUMAN: Threat-model call for Lucas: `root` comes RAW from the HTTP query string (?root=...) and flows to os.listdir(root) at harness/server.py (via _list_missions), with no validation/normalization — but the endpoint sits behind _guard(): loopback-only host + X-Harness-Auth token. mission_id IS validated (validate_mission_id); root is not. An authenticated caller can list any directory containing a mission.yaml. Warrant a root normalization/allowlist, or is authenticated-operator-only acceptable?","[""HTTP query param q['root'] raw from parse_qs (harness/server.py:do_GET:1065)"", ""-> _api_missions_list:1513: root = (q.get('root') or ['missions'])[0] or 'missions' \u2014 no validation"", ""-> _list_missions(root) -> os.listdir(root) (harness/server.py)"", ""jev defect_real noul=0.91"", ""jev sec_validates_input noul=0.05""]",2026-10-06T11:09:34
harness/server.py::ensure_driver_daemon::525,1c-notvalidated,FALSE-POSITIVE,no untrusted input — typed settings (host/port from env parse); loopback-only in-process daemon with per-start random token,"[""settings = _dc_config.load_settings()"", ""secrets.token_urlsafe(24) per start""]",2026-10-06T11:09:34
harness/server.py::log_message::979,1c-notvalidated,FALSE-POSITIVE,scrubs input — token redaction regex applied before the line reaches stderr; this is the opposite of unvalidated input,"[""_TOKEN_IN_LOG_RE.sub(r\""\\1REDACTED\"", fmt % args)""]",2026-10-06T11:09:34
harness/server.py::run_apply_task::286,1c-notvalidated,FALSE-POSITIVE,"validated by caller — validate_dispatch (harness/server.py:171) owns the dispatch boundary: file/instruction required and isfile-checked, ints range-checked","[""validate_dispatch in _api_dispatch (harness/server.py:1304)"", ""_opt_str(args, 'file', required=True)""]",2026-10-06T11:09:34
harness/server.py::run_chat_task::371,1c-notvalidated,FALSE-POSITIVE,validated by caller — validate_dispatch checks root_dir is a directory before use,"[""rd = _opt_str(args, 'root_dir'); if rd and not os.path.isdir(rd): raise""]",2026-10-06T11:09:34
harness/server.py::run_dogfood_task::394,1c-notvalidated,FALSE-POSITIVE,validated by caller — validate_dispatch requires and isfile-checks file/claims_file/source_file/definitions_file,"[""f = _opt_str(args, 'file', required=True); if not os.path.isfile(f): raise""]",2026-10-06T11:09:34
harness/server.py::run_plan_task::412,1c-notvalidated,FALSE-POSITIVE,validated by caller — validate_dispatch range-checks ints and bounds task_max_cost with _finite_float,"[""_opt_int(args, 'max_workers', 1, 16, 4)"", ""_finite_float(..., 0.0, HARD_TASK_MAX_COST)""]",2026-10-06T11:09:34
harness/site_export.py::_secret_scan::454,1c-notvalidated,FALSE-POSITIVE,no untrusted input — scanner helper over already-loaded text; returns only the matching pattern's name,"[""pattern.search(text); return pattern.pattern""]",2026-10-06T11:09:34
harness/spend.py::discover_free_models::707,1c-notvalidated,FALSE-POSITIVE,no untrusted input — model ids from governor.fetch_models(); prefer filtered against free_set; limit bounded,"[""free = [m_['id'] for m_ in models if _is_free_model(m_)]"", ""return ordered[:limit]""]",2026-10-06T11:09:34
harness/ui.py::_open_window::25,1c-notvalidated,FALSE-POSITIVE,no untrusted input — url/token from the CLI lane; the token rides the URL fragment so it is never sent to the network,"[""url + '#' + token"", ""fragment never sent to network""]",2026-10-06T11:09:34
harness/ui.py::_write_token_file::55,1c-notvalidated,FALSE-POSITIVE,"hardened — O_EXCL 0600 write, symlink refusal, atomic replace; failure is non-fatal; the opposite of unvalidated input","[""os.open(tmp, os.O_WRONLY | os.O_CREAT | os.O_EXCL, 0o600)"", ""if os.path.islink(path): return""]",2026-10-06T11:09:34
harness/ui.py::main::87,1c-notvalidated,FALSE-POSITIVE,validated by caller — argparse; explicit loopback-only host check rejects non-loopback binds,"[""if opts.host not in ('127.0.0.1', 'localhost', '::1'): sys.exit(1)""]",2026-10-06T11:09:34
harness/waist.py::chat_fn::1301,1c-notvalidated,FALSE-POSITIVE,no untrusted input — internal closure over orchestrator transport/governor; delegates to governed_text,"[""governed_text(transport, api_key, governor, model, prompt, ...)""]",2026-10-06T11:09:34
harness/waist.py::plan_consensus::813,1c-notvalidated,FALSE-POSITIVE,no untrusted input — plan_result from compose_plan; chat_fn output parsed via parse_plan_consensus,"[""verdict = parse_plan_consensus(text)""]",2026-10-06T11:09:34
harness/web.py::_http_get::78,1c-notvalidated,FALSE-POSITIVE,"validated by caller — fetch_url enforces https-only and host allowlist before _http_get is ever reached; body bounded, redirects refused","[""fetch_url: scheme != 'https' -> raise; host not in allowed -> raise"", ""_NoRedirect; resp.read(_MAX_BYTES + 1)""]",2026-10-06T11:09:34
harness/web.py::gather_web_context::346,1c-notvalidated,FALSE-POSITIVE,"validated by callee — every fetch goes through fetch_fn(u, allowed_hosts=...) whose default fetch_url enforces the allowlist; search-result hosts are checked before enrichment","[""page = fetch_fn(u, allowed_hosts=allowed_hosts)"", ""r_host in allowed""]",2026-10-06T11:09:34
tests/dogfood_matrix_suite.py::test_cat07_edit_planning_waist_guard::385,1c-notvalidated,FALSE-POSITIVE,test fixture — test/bench code is out of scope for the input-validation hypothesis,"[""file lives under tests/"", ""no production data path""]",2026-10-06T11:09:34
tests/test_audit_d12_coverage.py::_git::39,1c-notvalidated,FALSE-POSITIVE,test fixture — test/bench code is out of scope for the input-validation hypothesis,"[""file lives under tests/"", ""no production data path""]",2026-10-06T11:09:34
tests/test_dogfood_matrix_strict.py::runner::99,1c-notvalidated,FALSE-POSITIVE,test fixture — test/bench code is out of scope for the input-validation hypothesis,"[""file lives under tests/"", ""no production data path""]",2026-10-06T11:09:34
tests/test_driver_core/test_auth.py::status_for::403,1c-notvalidated,FALSE-POSITIVE,test fixture — test/bench code is out of scope for the input-validation hypothesis,"[""file lives under tests/"", ""no production data path""]",2026-10-06T11:09:34
tests/test_driver_core/test_tier_chain.py::test_the_vision_extractor_declares_it_serves_only_gui::260,1c-notvalidated,FALSE-POSITIVE,test fixture — test/bench code is out of scope for the input-validation hypothesis,"[""file lives under tests/"", ""no production data path""]",2026-10-06T11:09:34
tests/test_driver_core/test_vision.py::_keyed::47,1c-notvalidated,FALSE-POSITIVE,test fixture — test/bench code is out of scope for the input-validation hypothesis,"[""file lives under tests/"", ""no production data path""]",2026-10-06T11:09:34
tests/test_driver_core/test_vision.py::test_the_vision_call_uses_the_decision_tier_endpoint::86,1c-notvalidated,FALSE-POSITIVE,test fixture — test/bench code is out of scope for the input-validation hypothesis,"[""file lives under tests/"", ""no production data path""]",2026-10-06T11:09:34
tests/test_hardening.py::test_apply_without_consent_does_not_crash_on_renewal::291,1c-notvalidated,FALSE-POSITIVE,test fixture — test/bench code is out of scope for the input-validation hypothesis,"[""file lives under tests/"", ""no production data path""]",2026-10-06T11:09:34
tests/test_hourglass_consent_handoff.py::_real_policy::128,1c-notvalidated,FALSE-POSITIVE,test fixture — test/bench code is out of scope for the input-validation hypothesis,"[""file lives under tests/"", ""no production data path""]",2026-10-06T11:09:34
tests/test_isolated_request_runner.py::test_result_reports_model_from_cli_usage_envelope::42,1c-notvalidated,FALSE-POSITIVE,test fixture — test/bench code is out of scope for the input-validation hypothesis,"[""file lives under tests/"", ""no production data path""]",2026-10-06T11:09:34
tests/test_jev_claims_support.py::test_enabled_unkeyed_returns_advisory_unknown_flags::51,1c-notvalidated,FALSE-POSITIVE,test fixture — test/bench code is out of scope for the input-validation hypothesis,"[""file lives under tests/"", ""no production data path""]",2026-10-06T11:09:34
tests/test_jev_completion.py::_install_test_oc_receipt::60,1c-notvalidated,FALSE-POSITIVE,test fixture — test/bench code is out of scope for the input-validation hypothesis,"[""file lives under tests/"", ""no production data path""]",2026-10-06T11:09:34
tests/test_jev_escalation_driver.py::_policy::321,1c-notvalidated,FALSE-POSITIVE,test fixture — test/bench code is out of scope for the input-validation hypothesis,"[""file lives under tests/"", ""no production data path""]",2026-10-06T11:09:34
tests/test_jev_lane_parity.py::hermetic_settings::41,1c-notvalidated,FALSE-POSITIVE,test fixture — test/bench code is out of scope for the input-validation hypothesis,"[""file lives under tests/"", ""no production data path""]",2026-10-06T11:09:34
tests/test_jev_log_envelope.py::_unkeyed_policy::69,1c-notvalidated,FALSE-POSITIVE,test fixture — test/bench code is out of scope for the input-validation hypothesis,"[""file lives under tests/"", ""no production data path""]",2026-10-06T11:09:34
tests/test_jev_log_envelope.py::test_keyed_double_scores_flow_into_the_artifact::158,1c-notvalidated,FALSE-POSITIVE,test fixture — test/bench code is out of scope for the input-validation hypothesis,"[""file lives under tests/"", ""no production data path""]",2026-10-06T11:09:34
tests/test_jev_smoke.py::test_live_contract_and_cost::12,1c-notvalidated,FALSE-POSITIVE,test fixture — test/bench code is out of scope for the input-validation hypothesis,"[""file lives under tests/"", ""no production data path""]",2026-10-06T11:09:34
tests/test_judge.py::test_shipped_ids_resolve_in_live_catalog::37,1c-notvalidated,FALSE-POSITIVE,test fixture — test/bench code is out of scope for the input-validation hypothesis,"[""file lives under tests/"", ""no production data path""]",2026-10-06T11:09:34
tests/test_mcp.py::test_continue_work_resumes_a_gated_write::1286,1c-notvalidated,FALSE-POSITIVE,test fixture — test/bench code is out of scope for the input-validation hypothesis,"[""file lives under tests/"", ""no production data path""]",2026-10-06T11:09:34
tests/test_mcp.py::test_panel_verify_tool::298,1c-notvalidated,FALSE-POSITIVE,test fixture — test/bench code is out of scope for the input-validation hypothesis,"[""file lives under tests/"", ""no production data path""]",2026-10-06T11:09:34
tests/test_oc_handoff_worker.py::test_squash_integrated_handoff_allows_the_next_task::324,1c-notvalidated,FALSE-POSITIVE,test fixture — test/bench code is out of scope for the input-validation hypothesis,"[""file lives under tests/"", ""no production data path""]",2026-10-06T11:09:34
tests/test_plan_http_batch.py::test_post_runs_plan_asynchronous::115,1c-notvalidated,FALSE-POSITIVE,test fixture — test/bench code is out of scope for the input-validation hypothesis,"[""file lives under tests/"", ""no production data path""]",2026-10-06T11:09:34
tests/test_pool_visibility.py::test_learned_byok_removal_is_announced::20,1c-notvalidated,FALSE-POSITIVE,test fixture — test/bench code is out of scope for the input-validation hypothesis,"[""file lives under tests/"", ""no production data path""]",2026-10-06T11:09:34
tests/test_provision.py::test_approved_run_executes_in_order_and_ledgers_everything::784,1c-notvalidated,FALSE-POSITIVE,test fixture — test/bench code is out of scope for the input-validation hypothesis,"[""file lives under tests/"", ""no production data path""]",2026-10-06T11:09:34
tests/test_server.py::test_chat_post_and_history::1027,1c-notvalidated,FALSE-POSITIVE,test fixture — test/bench code is out of scope for the input-validation hypothesis,"[""file lives under tests/"", ""no production data path""]",2026-10-06T11:09:34
tests/test_server.py::test_explicit_token_writes_nothing::1000,1c-notvalidated,FALSE-POSITIVE,test fixture — test/bench code is out of scope for the input-validation hypothesis,"[""file lives under tests/"", ""no production data path""]",2026-10-06T11:09:34
tests/test_server.py::test_settings_never_leak_secrets::396,1c-notvalidated,FALSE-POSITIVE,test fixture — test/bench code is out of scope for the input-validation hypothesis,"[""file lives under tests/"", ""no production data path""]",2026-10-06T11:09:34
tests/test_server_driver.py::test_operator_declared_token_is_honoured::428,1c-notvalidated,FALSE-POSITIVE,test fixture — test/bench code is out of scope for the input-validation hypothesis,"[""file lives under tests/"", ""no production data path""]",2026-10-06T11:09:34
tests/test_site_fold_parity.py::_eval::99,1c-notvalidated,FALSE-POSITIVE,test fixture — test/bench code is out of scope for the input-validation hypothesis,"[""file lives under tests/"", ""no production data path""]",2026-10-06T11:09:34
tests/test_site_server.py::_run_app::290,1c-notvalidated,FALSE-POSITIVE,test fixture — test/bench code is out of scope for the input-validation hypothesis,"[""file lives under tests/"", ""no production data path""]",2026-10-06T11:09:34
tests/test_sliding_scale.py::test_hermetic_fake_transport_jev_integration::312,1c-notvalidated,FALSE-POSITIVE,test fixture — test/bench code is out of scope for the input-validation hypothesis,"[""file lives under tests/"", ""no production data path""]",2026-10-06T11:09:34
bench/tasks/reverse/reverse.py::reverse_str::1,1d-prescriptions95,FALSE-POSITIVE,"Wrong pattern; pattern already holds. The function's actual behavior (returns s unchanged) is the intentional starting state of an agentic bench task, not a defect this prescription addresses. No applicable edit.","[""Static: bench/tasks/reverse/reverse.py body is 'def reverse_str(s):\\n    return s'. The prescribed pattern 'return-value' = 'Return the computed value instead of mutating a side channel, out-param, or global' \u2014 it ALREADY holds: the function returns directly, there is no side channel."", ""bench/tasks/reverse/task.json states: 'Make reverse_str(s) return the reverse of s. It currently returns s unchanged.' \u2014 the 'bug' is the intentional starting state of an agentic bench task; the harness lane agent is meant to fix it during a bench run. There is no defect for the prescription to fix."", ""No applicable edit exists under the prescription; applying 'return-value' as stated is a no-op. The real remedy (make it reverse) is a different pattern entirely and is the bench task's own job."", ""Jev re-judgment (expanded state: function + context fns, jev-1.13.0): noul 'correct and safe to apply as stated' P(true)=0.12. Choice question stayed on return-value@0.96 (stable but vacuous: choice picks best-of-options, noul rejects applicability).""]",2026-10-06T11:08:00+00:00
harness/config.py::resolve_jev_key::535,1d-prescriptions95,FALSE-POSITIVE,"Prescription describes the current implementation; function already loads from env files/env vars, warns loudly on insecure perms, and holds no secrets in code/logs. No applicable safe edit.","[""Static: resolve_jev_key (harness/config.py:535) loads keys only from jev.env files then env vars; contains no secret literals; logs only the file PATH (via _warn_insecure_keyfile), never the key value; strips quotes from the value."", ""_warn_insecure_keyfile (config.py:490) documents a deliberate warn-don't-refuse rationale: 'We warn rather than refuse: the user's working setup must not break, but the failure mode must not be silent.' Loud group/world-readable warning is already emitted. The prescribed pattern 'secrets-safe' = 'No secrets in logs, errors, or code; load from env/vault' describes the CURRENT behavior."", ""No concrete applicable edit exists: refusing insecure files would contradict the documented owner-facing rationale (behavior change, not a safe prescription); nothing else in the function leaks or hardcodes."", ""Jev re-judgment (jev-1.13.0, expanded context incl. _warn_insecure_keyfile): noul verify P(true)=0.32; stability choice stayed secrets-safe@0.78 with no-change p=0.14 \u2014 the choice is attracted to the topic of the function, the applicability question rejects it.""]",2026-10-06T11:08:00+00:00
harness/executor.py::task_runner::540,1d-prescriptions95,FALSE-POSITIVE,"Wrong pattern: validation already exists at the right layer (no-shell tokenizing runner + gate-definition preflight). Commands are PLAN-time, not untrusted runtime input. A guard in the seam is redundant churn.","[""Static: task_runner is a 2-line seam nested in PlanExecutor.run_node (harness/executor.py:540): def task_runner(command, timeout=VERIFY_TIMEOUT): return default_run_verify(command, timeout=timeout, cwd=gate_cwd). `command` comes from node.local_gate \u2014 derived at PLAN time, rebased into the isolated worktree (rebase_gate); it is not runtime-untrusted user input."", ""Validation already exists at the correct layer: default_run_verify -> run_gate tokenizes argv with NO shell (shell metacharacters inert; regression test test_no_shell_means_no_chaining covers '&&' injection), and validate_verify_command / validate_gate preflights gates at definition time. A guard inside the runner seam duplicates an existing mechanism."", ""No concrete guard to add that isn't redundant: e.g. 'reject empty command' is not a security property. Jev re-judgment (jev-1.13.0): noul verify P(true)=0.24; stability validate-guard@0.86 (no-change p=0.08).""]",2026-10-06T11:08:00+00:00
harness/jev_completion.py::verify_signature::863,1d-prescriptions95,FALSE-POSITIVE,"Wrong pattern; closure capture of the HMAC key is idiomatic, not a defect. Injecting it is refactor churn on a security-critical path with no behavioral benefit.","[""Static: verify_signature (nested in _valid_oc_handoff_receipt, harness/jev_completion.py:863) captures `key` from the enclosing closure: expected = hmac.new(key, signed_payload, hashlib.sha512).hexdigest(); return hmac.compare_digest(expected, signature)."", ""Closure capture is idiomatic Python, not a defect. Injecting `key` as a parameter would be refactor churn on a security-critical HMAC path with zero behavioral benefit, and would pass key material through additional call frames \u2014 arguably worse for a secret."", ""No defect exists for the prescription to fix; there is nothing to 'inject' that is currently 'imported as global or constructed internally' \u2014 the pattern's own applicability condition fails."", ""Jev re-judgment (jev-1.13.0): noul verify P(true)=0.47 (highest of the 9, still below any execution threshold); stability choice stayed dependency-injection@1.00 \u2014 the choice question is attracted to closure-captured names, the applicability question does not clear the bar.""]",2026-10-06T11:08:00+00:00
harness/server.py::run_bench_task::349,1d-prescriptions95,FALSE-POSITIVE,Unsafe to apply as stated: DI would change a fixed runner-protocol signature whose parity contract is documented in the docstring. Not an execution-ready edit.,"[""Static: run_bench_task(harness/server.py:349) signature (task_id, args, cancel_check) is the fixed runner protocol \u2014 the docstring documents 'the cancel flag is accepted for runner-signature parity and simply unused here'. Dependency injection would require changing this signature, breaking runner dispatch parity."", ""load_settings()/apply_session(settings) are the runner's bootstrap, not hidden test seams; DI's stated applicability ('Use when the function is hard to test') does not hold \u2014 the function is a 10-line orchestration seam."", ""Applying DI as stated is unsafe (signature change at a protocol boundary), not merely churn. Jev re-judgment (jev-1.13.0): noul verify P(true)=0.45; stability dependency-injection@0.99 with no-change p=0.00 \u2014 choice stability is not applicability.""]",2026-10-06T11:08:00+00:00
tests/test_hourglass_consent_handoff.py::_real_policy::128,1d-prescriptions95,FALSE-POSITIVE,"Test-only code; the 'secret' is a dummy literal ('test-key'), not a credential. No applicable edit.","[""Static: _real_policy (tests/test_hourglass_consent_handoff.py:128) is a test helper in RestartGuardIsReachedTests: settings.jev_api_key = 'test-key'. Audit score vector marks test_status='test-only-code', lifecycle='test-only'."", ""The flagged 'secret' is the dummy literal 'test-key' \u2014 not a credential, not in production code, never leaves the test process. There is no real secret to make safe."", ""Jev re-judgment (jev-1.13.0): noul verify P(true)=0.10; stability secrets-safe@0.86 (no-change p=0.13).""]",2026-10-06T11:08:00+00:00
tests/test_jev_core_hardening.py::adder::2180,1d-prescriptions95,FALSE-POSITIVE,Test-only code with no production value; DI on test-fixture closures is churn. Fails the execution bar.,"[""Static: adder is a closure inside test_snapshot_survives_concurrent_policy_creation (tests/test_jev_core_hardening.py:2180), a concurrency stress-loop: while not stop.is_set(): d=Dummy(); keep.append(d); JP._LIVE_POLICIES.add(d). Audit score vector marks test_status='test-only-code', lifecycle='test-only'."", ""The closure references (stop, keep, JP, Dummy) are test fixtures by design; injecting them as parameters is test churn with zero production value. DI's applicability ('hard to test') is inverted \u2014 this IS the test."", ""Jev re-judgment (jev-1.13.0): noul verify P(true)=0.14; stability dependency-injection@0.97 (no-change p=0.02). Below the execution bar on applicability.""]",2026-10-06T11:08:00+00:00
tests/test_jev_escalation_driver.py::_policy::321,1d-prescriptions95,FALSE-POSITIVE,"Test-only code; the flagged value is a dummy literal ('jev-key'), not a credential. No applicable edit.","[""Static: _policy (tests/test_jev_escalation_driver.py:321) is a test factory in PolicyEscalationDecisionTests: settings.jev_api_key = 'jev-key' if keyed else None. Test-only helper; the flagged value is a dummy literal, not a real key."", ""No real credential exists in the code path; 'load from env/vault' is already how production obtains the key (see resolve_jev_key, production-path). Nothing to make safe."", ""Jev re-judgment (jev-1.13.0): noul verify P(true)=0.11; stability secrets-safe@0.97 (no-change p=0.03). High choice confidence is pattern-matching on the word 'key', not an applicable fix.""]",2026-10-06T11:08:00+00:00
tests/test_provision_wiring.py::communicate::206,1d-prescriptions95,FALSE-POSITIVE,Wrong pattern and unsafe for a stub: it is a subprocess mock whose contract is returning fixed bytes; propagating exceptions would break its purpose as a fake.,"[""Static: communicate(self, timeout=None): return b'out', b'err' \u2014 a method on class Quick in tests/test_provision_wiring.py:206, a subprocess.Popen mock/fake whose entire purpose is returning fixed stdout/stderr tuples."", ""Prescribing propagate-exception on a fake whose contract is to RETURN fixed bytes is a category error: applying it would destroy the fake's purpose and break the tests using it. Unsafe, not merely low-value."", ""Jev re-judgment (jev-1.13.0): noul verify P(true)=0.07 (lowest of the 9); stability propagate-exception@0.69 with no-change p=0.26 \u2014 even the choice question lost confidence once the mock context was expanded.""]",2026-10-06T11:08:00+00:00
bench/manifests/efficiency/dict-group/groups.py::group_by::1,1e-deadcode,FALSE-POSITIVE,"Imported and asserted by sibling check.py in the same bench manifest (from groups import group_by; 3 asserts). Bench fixture, not dead.","[""bench/manifests/efficiency/dict-group/check.py:1,3,4,5""]",2026-10-06T11:10Z
bench/manifests/efficiency/multi-round-tokens/parse_csv.py::totals_by_category::1,1e-deadcode,FALSE-POSITIVE,"Imported and asserted by sibling check.py (from parse_csv import totals_by_category; asserts at lines 9,12).","[""bench/manifests/efficiency/multi-round-tokens/check.py:1,9,12""]",2026-10-06T11:10Z
harness/jev_packs.py::escalation_decision_pack::514,1e-deadcode,FALSE-POSITIVE,Live call chain verified: harness/apply.py -> apply_policy.ApplyPolicy (apply_policy.py:583) -> JevPolicy.evaluate_escalation_decision (jev_policy.py:1211) -> escalation_decision_pack() (jev_policy.py:1239).,"[""harness/jev_policy.py:61 import"", ""harness/jev_policy.py:1239 call site"", ""harness/apply_policy.py:583 production caller"", ""harness/apply.py imports ApplyPolicy""]",2026-10-06T11:10Z
harness/jev_policy.py::evaluate_escalation_decision::1211,1e-deadcode,FALSE-POSITIVE,"Called live at harness/apply_policy.py:583 (production escalation-steering path); referenced in harness/escalation.py:103 docstring; exercised by 4 test files (test_jev_chaos, test_jev_core_hardening, test_jev_escalation_driver, test_site_parity_directives); jev_policy imported by 10+ modules (agent, cli, server, session, mcp, batch, mission_driver).","[""harness/apply_policy.py:583"", ""harness/escalation.py:103"", ""4 test files"", ""10+ importing modules""]",2026-10-06T11:10Z
harness/mission_record.py::_fix_lists::383,1e-deadcode,FALSE-POSITIVE,"Nested function inside load_mission_yaml, called at mission_record.py:386 (return _fix_lists(root)). Trivial no-op body (return node) but live.","[""harness/mission_record.py:383 def (nested)"", ""harness/mission_record.py:386 call""]",2026-10-06T11:10Z
tests/test_jev_lane_parity.py::post::378,1e-deadcode,FALSE-POSITIVE,Mock transport method (class _DeadTransport inside test_evaluate_triage_keyed_transport_error_falls_back); instance passed as transport=_DeadTransport() to policy_for(); post() is invoked via transport.post(...) raising OSError to exercise the fallback path.,"[""tests/test_jev_lane_parity.py:377-379 def"", ""transport=_DeadTransport() injection""]",2026-10-06T11:10Z
